{
    "meta": 
    {
        "version": "1.1.1",
        "generator": "cgdev json exporter"
    },
    "materials": [
        {
            "name": "WireColorMat_0",
            "ambient": [1,1,1],
            "diffuse": [0.109804,0.584314,0.694118],
            "specular": [0,0,0],
            "glossiness": 0,
            "opacity": 1
        }
    ],
    "model": 
    {
        "meshes": [
            {
                "meta": 
                {
                    "vertNum": 6,
                    "faceNum": 8,
                    "vertElementNum": 17
                },
                "name": "Pyramid001",
                "node": 1,
                "verts": [ -1.0, -1.0,  1.0,
                    1.0, -1.0,  1.0,
                    1.0,  1.0,  1.0,
                    -1.0,  1.0,  1.0,
            
                    -1.0, -1.0, -1.0,
                    -1.0,  1.0, -1.0,
                    1.0,  1.0, -1.0,
                    1.0, -1.0, -1.0,
            
                    -1.0,  1.0, -1.0,
                    -1.0,  1.0,  1.0,
                    1.0,  1.0,  1.0,
                    1.0,  1.0, -1.0,
            
                    -1.0, -1.0, -1.0,
                    1.0, -1.0, -1.0,
                    1.0, -1.0,  1.0,
                    -1.0, -1.0,  1.0,
            
                    1.0, -1.0, -1.0,
                    1.0,  1.0, -1.0,
                    1.0,  1.0,  1.0,
                    1.0, -1.0,  1.0,
            
                    -1.0, -1.0, -1.0,
                    -1.0, -1.0,  1.0,
                    -1.0,  1.0,  1.0,
                    -1.0,  1.0, -1.0],
                
                    "vertIndices": [0,  1,  2,      0,  2,  3,   
                        4,  5,  6,      4,  6,  7,    
                        8,  9,  10,     8,  10, 11,   
                        12, 13, 14,     12, 14, 15,   
                        16, 17, 18,     16, 18, 19,   
                        20, 21, 22,     20, 22, 23],
                    "normals": [0.0,  0.0,  1.0,
                        0.0,  0.0,  1.0,
                        0.0,  0.0,  1.0,
                        0.0,  0.0,  1.0,
                   
                        0.0,  0.0, -1.0,
                        0.0,  0.0, -1.0,
                        0.0,  0.0, -1.0,
                        0.0,  0.0, -1.0,
               
                        0.0,  1.0,  0.0,
                        0.0,  1.0,  0.0,
                        0.0,  1.0,  0.0,
                        0.0,  1.0,  0.0,
                   
                        0.0, -1.0,  0.0,
                        0.0, -1.0,  0.0,
                        0.0, -1.0,  0.0,
                        0.0, -1.0,  0.0,
                   
                        1.0,  0.0,  0.0,
                        1.0,  0.0,  0.0,
                        1.0,  0.0,  0.0,
                        1.0,  0.0,  0.0,
                   
                       -1.0,  0.0,  0.0,
                       -1.0,  0.0,  0.0,
                       -1.0,  0.0,  0.0,
                       -1.0,  0.0,  0.0],
                    "uvs": [ 0.0,  0.0,
                        1.0,  0.0,
                        1.0,  1.0,
                        0.0,  1.0,
                
                        0.0,  0.0,
                        1.0,  0.0,
                        1.0,  1.0,
                        0.0,  1.0,
                
                        0.0,  0.0,
                        1.0,  0.0,
                        1.0,  1.0,
                        0.0,  1.0,
                
                        0.0,  0.0,
                        1.0,  0.0,
                        1.0,  1.0,
                        0.0,  1.0,
                
                        0.0,  0.0,
                        1.0,  0.0,
                        1.0,  1.0,
                        0.0,  1.0,
                
                        0.0,  0.0,
                        1.0,  0.0,
                        1.0,  1.0,
                        0.0,  1.0],
                "face": 
                {
                    "vertElementIndices": [0,1,2,3,4,5,6,7,8,9,10,11,12,13,14,14,13,15,15,13,16,16,13,12],
                    "groups": [
                        {
                            "start": 0,
                            "count": 24,
                            "materialIndex": 0
                        }
                    ]
                }
            }
        ]
    },
    "hierarchy": 
    {
        "nodes": [
            {
                "name": "SceneRoot",
                "parent": -1,
                "pos": [0,0,0],
                "scl": [1,1,1],
                "rot": [0,0,0,1]
            },
            {
                "name": "Pyramid001",
                "parent": 0,
                "pos": [-0.0997973,0.201044,-0.059166],
                "scl": [1,1,1],
                "rot": [0,0,0,1]
            }
        ]
    },
    "animation": 
    {
        "keyframeAnimations": [
            {
                "name": "Anim1",
                "timeline": "seconds",
                "fps": 30,
                "length": 1,
                "animNodes": [
                    {
                        "nodeIndex": 0,
                        "nodeName": "SceneRoot",
                        "scl": 
                        {
                            "times": [0,1],
                            "values": [1,1,1,1,1,1]
                        },
                        "pos": 
                        {
                            "times": [0,1],
                            "values": [0,0,0,0,0,0]
                        },
                        "rot": 
                        {
                            "times": [0,1],
                            "values": [0,0,0,1,0,0,0,1]
                        }
                    },
                    {
                        "nodeIndex": 1,
                        "nodeName": "Pyramid001",
                        "scl": 
                        {
                            "times": [0,1],
                            "values": [1,1,1,1,1,1]
                        },
                        "pos": 
                        {
                            "times": [0,1],
                            "values": [-0.0997973,0.201044,-0.059166,-0.0997973,0.201044,-0.059166]
                        },
                        "rot": 
                        {
                            "times": [0,1],
                            "values": [0,0,0,1,0,0,0,1]
                        }
                    }
                ]
            }
        ]
    }
}